,title,score,img_url,year,nation,category
0,肖申克的救赎,9.7,https://img2.doubanio.com/view/photo/s_ratio_poster/public/p480747492.webp,1994,美国,犯罪 剧情
1,霸王别姬,9.6,https://img3.doubanio.com/view/photo/s_ratio_poster/public/p2561716440.webp,1993,中国大陆 中国香港,剧情 爱情 同性
2,阿甘正传,9.5,https://img2.doubanio.com/view/photo/s_ratio_poster/public/p2372307693.webp,1994,美国,剧情 爱情
3,这个杀手不太冷,9.4,https://img2.doubanio.com/view/photo/s_ratio_poster/public/p511118051.webp,1994,法国 美国,剧情 动作 犯罪
4,泰坦尼克号,9.4,https://img9.doubanio.com/view/photo/s_ratio_poster/public/p457760035.webp,1997,美国 墨西哥 澳大利亚 加拿大,剧情 爱情 灾难
5,美丽人生,9.5,https://img2.doubanio.com/view/photo/s_ratio_poster/public/p2578474613.webp,1997,意大利,剧情 喜剧 爱情 战争
6,千与千寻,9.4,https://img1.doubanio.com/view/photo/s_ratio_poster/public/p2557573348.webp,2001,日本,剧情 动画 奇幻
7,辛德勒的名单,9.5,https://img2.doubanio.com/view/photo/s_ratio_poster/public/p492406163.webp,1993,美国,剧情 历史 战争
8,盗梦空间,9.3,https://img2.doubanio.com/view/photo/s_ratio_poster/public/p2616355133.webp,2010,美国 英国,剧情 科幻 悬疑 冒险
9,忠犬八公的故事,9.4,https://img1.doubanio.com/view/photo/s_ratio_poster/public/p524964039.webp,2009,美国 英国,剧情
10,星际穿越,9.3,https://img1.doubanio.com/view/photo/s_ratio_poster/public/p2614988097.webp,2014,美国 英国 加拿大,剧情 科幻 冒险
11,楚门的世界,9.3,https://img2.doubanio.com/view/photo/s_ratio_poster/public/p479682972.webp,1998,美国,剧情 科幻
12,海上钢琴师,9.3,https://img9.doubanio.com/view/photo/s_ratio_poster/public/p2574551676.webp,1998,意大利,剧情 音乐
13,三傻大闹宝莱坞,9.2,https://img2.doubanio.com/view/photo/s_ratio_poster/public/p579729551.webp,2009,印度,剧情 喜剧 爱情 歌舞
14,机器人总动员,9.3,https://img2.doubanio.com/view/photo/s_ratio_poster/public/p1461851991.webp,2008,美国,科幻 动画 冒险
15,放牛班的春天,9.3,https://img2.doubanio.com/view/photo/s_ratio_poster/public/p1910824951.webp,2004,法国 瑞士 德国,剧情 喜剧 音乐
16,无间道,9.3,https://img2.doubanio.com/view/photo/s_ratio_poster/public/p2564556863.webp,2002,中国香港,剧情 犯罪 惊悚
17,疯狂动物城,9.2,https://img1.doubanio.com/view/photo/s_ratio_poster/public/p2614500649.webp,2016,美国,喜剧 动画 冒险
18,大话西游之大圣娶亲,9.2,https://img9.doubanio.com/view/photo/s_ratio_poster/public/p2455050536.webp,1995,中国香港 中国大陆,喜剧 爱情 奇幻 古装
19,熔炉,9.3,https://img9.doubanio.com/view/photo/s_ratio_poster/public/p1363250216.webp,2011,韩国,剧情
20,教父,9.3,https://img9.doubanio.com/view/photo/s_ratio_poster/public/p616779645.webp,1972,美国,剧情 犯罪
21,当幸福来敲门,9.1,https://img9.doubanio.com/view/photo/s_ratio_poster/public/p2614359276.webp,2006,美国,剧情 传记 家庭
22,龙猫,9.2,https://img9.doubanio.com/view/photo/s_ratio_poster/public/p2540924496.webp,1988,日本,动画 奇幻 冒险
23,怦然心动,9.1,https://img1.doubanio.com/view/photo/s_ratio_poster/public/p501177648.webp,2010,美国,剧情 喜剧 爱情
24,控方证人,9.6,https://img1.doubanio.com/view/photo/s_ratio_poster/public/p1505392928.webp,1957,美国,剧情 犯罪 悬疑
25,触不可及,9.3,https://img9.doubanio.com/view/photo/s_ratio_poster/public/p1454261925.webp,2011,法国,剧情 喜剧
26,蝙蝠侠：黑暗骑士,9.2,https://img2.doubanio.com/view/photo/s_ratio_poster/public/p462657443.webp,2008,美国 英国,剧情 动作 科幻 犯罪 惊悚
27,末代皇帝,9.3,https://img2.doubanio.com/view/photo/s_ratio_poster/public/p452089833.webp,1987,英国 意大利 中国大陆 法国,剧情 传记 历史
28,寻梦环游记,9.1,https://img9.doubanio.com/view/photo/s_ratio_poster/public/p2614500706.webp,2017,美国,喜剧 动画 奇幻 音乐
29,活着,9.3,https://img2.doubanio.com/view/photo/s_ratio_poster/public/p2524040532.webp,1994,中国大陆 中国香港,剧情 历史 家庭
30,指环王3：王者无敌,9.3,https://img2.doubanio.com/view/photo/s_ratio_poster/public/p2642829472.webp,2003,美国 新西兰,剧情 动作 奇幻 冒险
31,乱世佳人,9.3,https://img3.doubanio.com/view/photo/s_ratio_poster/public/p1963126880.webp,1939,美国,剧情 历史 爱情 战争
32,何以为家,9.1,https://img1.doubanio.com/view/photo/s_ratio_poster/public/p2555295759.webp,2018,黎巴嫩 美国 法国 塞浦路斯 卡塔尔 英国,剧情
33,哈利・波特与魔法石,9.1,https://img9.doubanio.com/view/photo/s_ratio_poster/public/p2614949805.webp,2001,美国 英国,奇幻 冒险
34,飞屋环游记,9.0,https://img9.doubanio.com/view/photo/s_ratio_poster/public/p485887754.webp,2009,美国,剧情 喜剧 动画 冒险
35,素媛,9.3,https://img9.doubanio.com/view/photo/s_ratio_poster/public/p2118532944.webp,2013,韩国,剧情
36,摔跤吧！爸爸,9.0,https://img1.doubanio.com/view/photo/s_ratio_poster/public/p2401676338.webp,2016,印度,剧情 传记 运动 家庭
37,少年派的奇幻漂流,9.1,https://img2.doubanio.com/view/photo/s_ratio_poster/public/p1784592701.webp,2012,美国 中国台湾 英国 加拿大,剧情 奇幻 冒险
38,十二怒汉,9.4,https://img2.doubanio.com/view/photo/s_ratio_poster/public/p2173577632.webp,1957,美国,剧情
39,哈尔的移动城堡,9.1,https://img3.doubanio.com/view/photo/s_ratio_poster/public/p2174346180.webp,2004,日本,动画 奇幻 冒险
40,鬼子来了,9.3,https://img1.doubanio.com/view/photo/s_ratio_poster/public/p2553104888.webp,2000,中国大陆,剧情 喜剧
41,我不是药神,9.0,https://img9.doubanio.com/view/photo/s_ratio_poster/public/p2561305376.webp,2018,中国大陆,剧情 喜剧
42,大话西游之月光宝盒,9.0,https://img2.doubanio.com/view/photo/s_ratio_poster/public/p2561721372.webp,1995,中国香港 中国大陆,喜剧 爱情 奇幻 古装
43,天空之城,9.1,https://img1.doubanio.com/view/photo/s_ratio_poster/public/p1446261379.webp,1986,日本,动画 奇幻 冒险
44,闻香识女人,9.1,https://img1.doubanio.com/view/photo/s_ratio_poster/public/p2550757929.webp,1992,美国,剧情
45,罗马假日,9.0,https://img9.doubanio.com/view/photo/s_ratio_poster/public/p2189265085.webp,1953,美国,喜剧 剧情 爱情
46,指环王2：双塔奇兵,9.1,https://img9.doubanio.com/view/photo/s_ratio_poster/public/p2640236255.webp,2002,美国 新西兰,剧情 动作 奇幻 冒险
47,猫鼠游戏,9.1,https://img2.doubanio.com/view/photo/s_ratio_poster/public/p453924541.webp,2002,美国 加拿大,传记 犯罪 剧情
48,天堂电影院,9.2,https://img3.doubanio.com/view/photo/s_ratio_poster/public/p2653054340.webp,1988,意大利 法国,剧情 爱情
49,辩护人,9.2,https://img9.doubanio.com/view/photo/s_ratio_poster/public/p2158166535.webp,2013,韩国,剧情
50,指环王1：护戒使者,9.1,https://img3.doubanio.com/view/photo/s_ratio_poster/public/p2640234840.webp,2001,新西兰 美国,剧情 动作 奇幻 冒险
51,大闹天宫,9.4,https://img1.doubanio.com/view/photo/s_ratio_poster/public/p2184505167.webp,2004(中国大陆),中国大陆,动画 奇幻
52,钢琴家,9.2,https://img2.doubanio.com/view/photo/s_ratio_poster/public/p792376093.webp,2002,英国 法国 波兰 德国 美国,剧情 传记 战争 音乐
53,狮子王,9.1,https://img1.doubanio.com/view/photo/s_ratio_poster/public/p2277799019.webp,1994,美国,动画 冒险 歌舞
54,教父2,9.2,https://img1.doubanio.com/view/photo/s_ratio_poster/public/p2194138787.webp,1974,美国,剧情 犯罪
55,死亡诗社,9.1,https://img3.doubanio.com/view/photo/s_ratio_poster/public/p2575465690.webp,1989,美国,剧情
56,搏击俱乐部,9.0,https://img1.doubanio.com/view/photo/s_ratio_poster/public/p1910926158.webp,1999,美国 德国 意大利,剧情 动作 悬疑 惊悚
57,黑客帝国,9.0,https://img1.doubanio.com/view/photo/s_ratio_poster/public/p451926968.webp,1999,美国,动作 科幻
58,让子弹飞,8.9,https://img1.doubanio.com/view/photo/s_ratio_poster/public/p1512562287.webp,2010,中国大陆 中国香港,剧情 喜剧 动作 西部
59,绿皮书,8.9,https://img2.doubanio.com/view/photo/s_ratio_poster/public/p2549177902.webp,2018,美国 中国大陆,剧情 喜剧 传记 音乐
60,饮食男女,9.1,https://img2.doubanio.com/view/photo/s_ratio_poster/public/p1910899751.webp,1994,中国台湾 美国,剧情 家庭
61,美丽心灵,9.0,https://img3.doubanio.com/view/photo/s_ratio_poster/public/p1665997400.webp,2001,美国,传记 剧情
62,海蒂和爷爷,9.2,https://img9.doubanio.com/view/photo/s_ratio_poster/public/p2554525534.webp,2015,德国 瑞士,剧情 冒险 家庭
63,窃听风暴,9.2,https://img1.doubanio.com/view/photo/s_ratio_poster/public/p1808872109.webp,2006,德国,剧情 悬疑
64,两杆大烟枪,9.1,https://img1.doubanio.com/view/photo/s_ratio_poster/public/p792443418.webp,1998,英国,剧情 喜剧 犯罪
65,本杰明・巴顿奇事,8.9,https://img2.doubanio.com/view/photo/s_ratio_poster/public/p2192535722.webp,2008,美国,剧情 爱情 奇幻
66,情书,8.9,https://img3.doubanio.com/view/photo/s_ratio_poster/public/p2648230660.webp,1995,日本,剧情 爱情
67,看不见的客人,8.8,https://img9.doubanio.com/view/photo/s_ratio_poster/public/p2498971355.webp,2016,西班牙,剧情 犯罪 悬疑 惊悚
68,飞越疯人院,9.1,https://img1.doubanio.com/view/photo/s_ratio_poster/public/p792238287.webp,1975,美国,剧情
69,穿条纹睡衣的男孩,9.1,https://img2.doubanio.com/view/photo/s_ratio_poster/public/p1473670352.webp,2008,英国 美国,剧情 战争
70,西西里的美丽传说,8.9,https://img1.doubanio.com/view/photo/s_ratio_poster/public/p2441988159.webp,2000,意大利 美国,剧情 战争 情色
71,拯救大兵瑞恩,9.0,https://img9.doubanio.com/view/photo/s_ratio_poster/public/p1014542496.webp,1998,美国,剧情 战争
72,小鞋子,9.2,https://img9.doubanio.com/view/photo/s_ratio_poster/public/p2165511465.webp,1997,伊朗,剧情 儿童 家庭
73,音乐之声,9.1,https://img1.doubanio.com/view/photo/s_ratio_poster/public/p453788577.webp,1965,美国,剧情 传记 爱情 歌舞
74,阿凡达,8.8,https://img2.doubanio.com/view/photo/s_ratio_poster/public/p2634997853.webp,2009,美国,动作 科幻 冒险
75,海豚湾,9.3,https://img1.doubanio.com/view/photo/s_ratio_poster/public/p2559579779.webp,2009,美国,纪录片
76,致命魔术,8.9,https://img9.doubanio.com/view/photo/s_ratio_poster/public/p480383375.webp,2006,英国 美国,剧情 悬疑 惊悚
77,美国往事,9.2,https://img1.doubanio.com/view/photo/s_ratio_poster/public/p477229647.webp,1984,美国 意大利,犯罪 剧情
78,沉默的羔羊,8.9,https://img1.doubanio.com/view/photo/s_ratio_poster/public/p1593414327.webp,1991,美国,剧情 犯罪 惊悚
79,禁闭岛,8.8,https://img1.doubanio.com/view/photo/s_ratio_poster/public/p1832875827.webp,2010,美国,剧情 悬疑 惊悚
80,蝴蝶效应,8.8,https://img1.doubanio.com/view/photo/s_ratio_poster/public/p2209066019.webp,2004,美国 加拿大,剧情 悬疑 科幻 惊悚
81,低俗小说,8.9,https://img2.doubanio.com/view/photo/s_ratio_poster/public/p1910902213.webp,1994,美国,剧情 喜剧 犯罪
82,布达佩斯大饭店,8.9,https://img2.doubanio.com/view/photo/s_ratio_poster/public/p2178872593.webp,2014,美国 德国 英国,剧情 喜剧 冒险
83,心灵捕手,8.9,https://img9.doubanio.com/view/photo/s_ratio_poster/public/p480965695.webp,1997,美国,剧情
84,七宗罪,8.8,https://img9.doubanio.com/view/photo/s_ratio_poster/public/p2219586434.webp,1995,美国,剧情 犯罪 悬疑 惊悚
85,春光乍泄,8.9,https://img2.doubanio.com/view/photo/s_ratio_poster/public/p465939041.webp,1997,中国香港 日本 韩国,剧情 爱情 同性
86,哈利・波特与死亡圣器(下),8.9,https://img2.doubanio.com/view/photo/s_ratio_poster/public/p917846733.webp,2011,美国 英国,奇幻 冒险
87,摩登时代,9.3,https://img1.doubanio.com/view/photo/s_ratio_poster/public/p2263408369.webp,1936,美国,剧情 喜剧 爱情
88,喜剧之王,8.8,https://img1.doubanio.com/view/photo/s_ratio_poster/public/p2579932167.webp,1999,中国香港,喜剧 剧情 爱情
89,被嫌弃的松子的一生,8.9,https://img9.doubanio.com/view/photo/s_ratio_poster/public/p884763596.webp,2006,日本,剧情 歌舞
90,致命ID,8.8,https://img9.doubanio.com/view/photo/s_ratio_poster/public/p2558364386.webp,2003,美国,剧情 悬疑 惊悚
91,杀人回忆,8.9,https://img3.doubanio.com/view/photo/s_ratio_poster/public/p657823840.webp,2003,韩国,剧情 动作 犯罪 悬疑 惊悚
92,加勒比海盗,8.8,https://img9.doubanio.com/view/photo/s_ratio_poster/public/p1596085504.webp,2003,美国,动作 冒险 奇幻
93,剪刀手爱德华,8.7,https://img1.doubanio.com/view/photo/s_ratio_poster/public/p480956937.webp,1990,美国,剧情 奇幻 爱情
94,勇敢的心,8.9,https://img1.doubanio.com/view/photo/s_ratio_poster/public/p2004174709.webp,1995,美国,动作 传记 剧情 历史 战争
95,狩猎,9.1,https://img1.doubanio.com/view/photo/s_ratio_poster/public/p1546987967.webp,2012,丹麦 瑞典,剧情
96,请以你的名字呼唤我,8.9,https://img3.doubanio.com/view/photo/s_ratio_poster/public/p2505525050.webp,2017,意大利 法国 巴西 美国 荷兰 德国,剧情 爱情 同性
97,红辣椒,9.0,https://img3.doubanio.com/view/photo/s_ratio_poster/public/p456825720.webp,2006,日本,动画 悬疑 科幻 惊悚
98,断背山,8.8,https://img1.doubanio.com/view/photo/s_ratio_poster/public/p2604889017.webp,2005,美国 加拿大,剧情 爱情 同性 家庭
99,7号房的礼物,8.9,https://img9.doubanio.com/view/photo/s_ratio_poster/public/p1816276065.webp,2013,韩国,剧情 喜剧 家庭
100,天使爱美丽,8.7,https://img2.doubanio.com/view/photo/s_ratio_poster/public/p2447590313.webp,2001,法国 德国,剧情 喜剧 爱情
101,幽灵公主,8.9,https://img9.doubanio.com/view/photo/s_ratio_poster/public/p1613191025.webp,1997,日本,动画 奇幻 冒险
102,小森林 夏秋篇,9.0,https://img2.doubanio.com/view/photo/s_ratio_poster/public/p2564498893.webp,2014,日本,剧情
103,第六感,8.9,https://img9.doubanio.com/view/photo/s_ratio_poster/public/p2220184425.webp,1999,美国,剧情 悬疑 惊悚
104,阳光灿烂的日子,8.8,https://img9.doubanio.com/view/photo/s_ratio_poster/public/p2564685215.webp,1994,中国大陆 中国香港,剧情 爱情
105,超脱,8.9,https://img2.doubanio.com/view/photo/s_ratio_poster/public/p1305562621.webp,2011,美国,剧情
106,功夫,8.7,https://img1.doubanio.com/view/photo/s_ratio_poster/public/p2219011938.webp,2004,中国大陆 中国香港,动作 喜剧 犯罪 奇幻
107,重庆森林,8.8,https://img2.doubanio.com/view/photo/s_ratio_poster/public/p792381411.webp,1994,中国香港,剧情 爱情
108,唐伯虎点秋香,8.7,https://img9.doubanio.com/view/photo/s_ratio_poster/public/p2357915564.webp,1993,中国香港,喜剧 爱情 古装
109,爱在黎明破晓前,8.8,https://img9.doubanio.com/view/photo/s_ratio_poster/public/p2555762374.webp,1995,美国 奥地利 瑞士,剧情 爱情
110,人生果实,9.5,https://img2.doubanio.com/view/photo/s_ratio_poster/public/p2544912792.webp,2017,日本,纪录片
111,一一,9.1,https://img2.doubanio.com/view/photo/s_ratio_poster/public/p2567845803.webp,2000,中国台湾 日本,剧情 爱情 家庭
112,小森林 冬春篇,9.0,https://img1.doubanio.com/view/photo/s_ratio_poster/public/p2215147728.webp,2015,日本,剧情
113,蝙蝠侠：黑暗骑士崛起,8.8,https://img9.doubanio.com/view/photo/s_ratio_poster/public/p1706428744.webp,2012,美国 英国,剧情 动作 科幻 犯罪 惊悚
114,菊次郎的夏天,8.8,https://img9.doubanio.com/view/photo/s_ratio_poster/public/p2620392435.webp,1999,日本,剧情 喜剧
115,入殓师,8.9,https://img1.doubanio.com/view/photo/s_ratio_poster/public/p2635433927.webp,2008,日本,剧情
116,消失的爱人,8.7,https://img9.doubanio.com/view/photo/s_ratio_poster/public/p2221768894.webp,2014,美国,剧情 犯罪 悬疑 惊悚
117,无人知晓,9.1,https://img2.doubanio.com/view/photo/s_ratio_poster/public/p661160053.webp,2004,日本,剧情
118,哈利・波特与阿兹卡班的囚徒,8.8,https://img1.doubanio.com/view/photo/s_ratio_poster/public/p1910812549.webp,2004,英国 美国,奇幻 冒险
119,倩女幽魂,8.7,https://img9.doubanio.com/view/photo/s_ratio_poster/public/p2414157745.webp,1987,中国香港,爱情 奇幻 武侠 古装
120,超能陆战队,8.7,https://img2.doubanio.com/view/photo/s_ratio_poster/public/p2614500883.webp,2014,美国,喜剧 动作 科幻 动画 冒险
121,侧耳倾听,8.9,https://img2.doubanio.com/view/photo/s_ratio_poster/public/p456692072.webp,1995,日本,剧情 爱情 动画
122,完美的世界,9.1,https://img1.doubanio.com/view/photo/s_ratio_poster/public/p2190556408.webp,1993,美国,剧情 犯罪
123,借东西的小人阿莉埃蒂,8.8,https://img9.doubanio.com/view/photo/s_ratio_poster/public/p617533616.webp,2010,日本,动画 奇幻 冒险
124,甜蜜蜜,8.9,https://img9.doubanio.com/view/photo/s_ratio_poster/public/p2223011274.webp,1996,中国香港,剧情 爱情
125,爱在日落黄昏时,8.9,https://img1.doubanio.com/view/photo/s_ratio_poster/public/p2561542458.webp,2004,美国 法国,剧情 爱情
126,萤火之森,8.9,https://img2.doubanio.com/view/photo/s_ratio_poster/public/p1675053073.webp,2011,日本,剧情 爱情 动画 奇幻
127,驯龙高手,8.7,https://img9.doubanio.com/view/photo/s_ratio_poster/public/p2210954024.webp,2010,美国,动画 奇幻 冒险
128,玛丽和马克思,8.9,https://img9.doubanio.com/view/photo/s_ratio_poster/public/p488255145.webp,2009,澳大利亚 美国,剧情 喜剧 动画
129,幸福终点站,8.8,https://img1.doubanio.com/view/photo/s_ratio_poster/public/p854757687.webp,2004,美国,喜剧 剧情 爱情
130,告白,8.7,https://img9.doubanio.com/view/photo/s_ratio_poster/public/p689520756.webp,2010,日本,剧情 悬疑
131,天书奇谭,9.2,https://img1.doubanio.com/view/photo/s_ratio_poster/public/p2515539487.webp,1983(中国大陆),中国大陆,动画 奇幻
132,大鱼,8.8,https://img9.doubanio.com/view/photo/s_ratio_poster/public/p692813374.webp,2003,美国,剧情 家庭 奇幻 冒险
133,射雕英雄传之东成西就,8.7,https://img9.doubanio.com/view/photo/s_ratio_poster/public/p2609063925.webp,1993,中国香港,喜剧 奇幻 武侠 古装
134,阳光姐妹淘,8.8,https://img1.doubanio.com/view/photo/s_ratio_poster/public/p1374786017.webp,2011,韩国,剧情 喜剧
135,哈利・波特与密室,8.7,https://img3.doubanio.com/view/photo/s_ratio_poster/public/p1082651990.webp,2002,美国 英国 德国,奇幻 冒险
136,怪兽电力公司,8.7,https://img1.doubanio.com/view/photo/s_ratio_poster/public/p2513247938.webp,2001,美国,儿童 喜剧 动画 奇幻 冒险
137,恐怖直播,8.7,https://img9.doubanio.com/view/photo/s_ratio_poster/public/p2016930906.webp,2013,韩国,剧情 犯罪 悬疑
138,神偷奶爸,8.6,https://img1.doubanio.com/view/photo/s_ratio_poster/public/p792776858.webp,2010,美国 法国,喜剧 动画 冒险
139,时空恋旅人,8.8,https://img9.doubanio.com/view/photo/s_ratio_poster/public/p2070153774.webp,2013,英国,喜剧 爱情 奇幻
140,玩具总动员3,8.9,https://img1.doubanio.com/view/photo/s_ratio_poster/public/p1283675359.webp,2010,美国,喜剧 动画 奇幻 冒险
141,傲慢与偏见,8.7,https://img1.doubanio.com/view/photo/s_ratio_poster/public/p2016401659.webp,2005,法国 英国 美国,剧情 爱情
142,教父3,8.9,https://img2.doubanio.com/view/photo/s_ratio_poster/public/p2169664351.webp,1990,美国,剧情 犯罪
143,釜山行,8.6,https://img1.doubanio.com/view/photo/s_ratio_poster/public/p2360940399.webp,2016,韩国,动作 惊悚 灾难
144,血战钢锯岭,8.7,https://img1.doubanio.com/view/photo/s_ratio_poster/public/p2398141939.webp,2016,澳大利亚 美国,剧情 传记 历史 战争
145,哪吒闹海,9.1,https://img9.doubanio.com/view/photo/s_ratio_poster/public/p2532803206.webp,1979,中国大陆,冒险 动画 奇幻
146,一个叫欧维的男人决定去死,8.9,https://img2.doubanio.com/view/photo/s_ratio_poster/public/p2406624993.webp,2015,瑞典,剧情
147,被解救的姜戈,8.8,https://img1.doubanio.com/view/photo/s_ratio_poster/public/p1800813767.webp,2012,美国,剧情 动作 西部 冒险
148,七武士,9.3,https://img9.doubanio.com/view/photo/s_ratio_poster/public/p2215886505.webp,1954,日本,动作 冒险 剧情
149,未麻的部屋,9.0,https://img2.doubanio.com/view/photo/s_ratio_poster/public/p1351050722.webp,1997,日本,动画 奇幻 惊悚
150,喜宴,8.9,https://img1.doubanio.com/view/photo/s_ratio_poster/public/p2249048907.webp,1993,中国台湾 美国,剧情 喜剧 爱情 同性 家庭
151,电锯惊魂,8.7,https://img9.doubanio.com/view/photo/s_ratio_poster/public/p2565332644.webp,2004,美国,悬疑 惊悚 恐怖
152,我是山姆,9.0,https://img9.doubanio.com/view/photo/s_ratio_poster/public/p652417775.webp,2001,美国,剧情 家庭
153,头号玩家,8.6,https://img1.doubanio.com/view/photo/s_ratio_poster/public/p2516578307.webp,2018,美国,动作 科幻 冒险
154,风之谷,8.9,https://img2.doubanio.com/view/photo/s_ratio_poster/public/p1917567652.webp,1984,日本,动画 奇幻 冒险
155,上帝之城,9.0,https://img3.doubanio.com/view/photo/s_ratio_poster/public/p455677490.webp,2002,巴西 法国,犯罪 剧情
156,英雄本色,8.7,https://img1.doubanio.com/view/photo/s_ratio_poster/public/p2504997087.webp,1986,中国香港,剧情 动作 犯罪
157,谍影重重3,8.8,https://img1.doubanio.com/view/photo/s_ratio_poster/public/p792223507.webp,2007,美国 德国,动作 悬疑 惊悚
158,卢旺达饭店,8.9,https://img2.doubanio.com/view/photo/s_ratio_poster/public/p470419493.webp,2004,英国 南非 意大利,剧情 传记 历史 战争
159,疯狂原始人,8.7,https://img1.doubanio.com/view/photo/s_ratio_poster/public/p1867084027.webp,2013,美国,喜剧 动画 冒险
160,三块广告牌,8.7,https://img1.doubanio.com/view/photo/s_ratio_poster/public/p2510081688.webp,2017,美国 英国,剧情 犯罪
161,新世界,8.9,https://img1.doubanio.com/view/photo/s_ratio_poster/public/p1903379979.webp,2013,韩国,剧情 犯罪
162,花样年华,8.7,https://img9.doubanio.com/view/photo/s_ratio_poster/public/p1910828286.webp,2000,中国香港,剧情 爱情
163,模仿游戏,8.7,https://img2.doubanio.com/view/photo/s_ratio_poster/public/p2255040492.webp,2014,英国 美国,剧情 传记 战争 同性
164,纵横四海,8.8,https://img1.doubanio.com/view/photo/s_ratio_poster/public/p2597918718.webp,1991,中国香港,剧情 喜剧 动作 犯罪
165,黑客帝国3：矩阵革命,8.8,https://img1.doubanio.com/view/photo/s_ratio_poster/public/p443461818.webp,2003,美国,动作 科幻
166,达拉斯买家俱乐部,8.8,https://img1.doubanio.com/view/photo/s_ratio_poster/public/p2166160837.webp,2013,美国,剧情 传记 同性
167,岁月神偷,8.7,https://img2.doubanio.com/view/photo/s_ratio_poster/public/p456666151.webp,2010,中国香港 中国大陆,剧情 家庭
168,心迷宫,8.7,https://img9.doubanio.com/view/photo/s_ratio_poster/public/p2276780256.webp,2014,中国大陆,剧情 犯罪 悬疑
169,头脑特工队,8.7,https://img9.doubanio.com/view/photo/s_ratio_poster/public/p2266293606.webp,2015,美国,喜剧 动画 冒险
170,你的名字。,8.4,https://img1.doubanio.com/view/photo/s_ratio_poster/public/p2395733377.webp,2016,日本,剧情 爱情 动画
171,记忆碎片,8.7,https://img2.doubanio.com/view/photo/s_ratio_poster/public/p641688453.webp,2000,美国,犯罪 剧情 悬疑 惊悚
172,忠犬八公物语,9.2,https://img9.doubanio.com/view/photo/s_ratio_poster/public/p2603716224.webp,1987,日本,剧情
173,寄生虫,8.8,https://img3.doubanio.com/view/photo/s_ratio_poster/public/p2561439800.webp,2019,韩国,剧情 喜剧
174,荒蛮故事,8.8,https://img2.doubanio.com/view/photo/s_ratio_poster/public/p2584519452.webp,2014,阿根廷 西班牙,剧情 喜剧 犯罪
175,海街日记,8.8,https://img1.doubanio.com/view/photo/s_ratio_poster/public/p2603364117.webp,2015,日本,剧情 家庭
176,爆裂鼓手,8.7,https://img2.doubanio.com/view/photo/s_ratio_poster/public/p2220776342.webp,2014,美国,剧情 音乐
177,真爱至上,8.6,https://img3.doubanio.com/view/photo/s_ratio_poster/public/p475600770.webp,2003,英国 美国 法国,喜剧 剧情 爱情
178,贫民窟的百万富翁,8.6,https://img3.doubanio.com/view/photo/s_ratio_poster/public/p2434249040.webp,2008,英国,剧情 爱情
179,东邪西毒,8.6,https://img2.doubanio.com/view/photo/s_ratio_poster/public/p1982176012.webp,1994,中国香港 中国台湾,剧情 动作 爱情 武侠 古装
180,惊魂记,9.0,https://img9.doubanio.com/view/photo/s_ratio_poster/public/p1021883305.webp,1960,美国,悬疑 惊悚 恐怖
181,萤火虫之墓,8.7,https://img1.doubanio.com/view/photo/s_ratio_poster/public/p2237136718.webp,1988,日本,动画 剧情 战争
182,哈利・波特与火焰杯,8.6,https://img9.doubanio.com/view/photo/s_ratio_poster/public/p735391084.webp,2005,英国 美国,悬疑 奇幻 冒险
183,黑天鹅,8.6,https://img9.doubanio.com/view/photo/s_ratio_poster/public/p2549648344.webp,2010,美国,剧情 惊悚
184,小偷家族,8.7,https://img9.doubanio.com/view/photo/s_ratio_poster/public/p2530599636.webp,2018,日本,剧情 犯罪 家庭
185,绿里奇迹,8.9,https://img2.doubanio.com/view/photo/s_ratio_poster/public/p767586451.webp,1999,美国,犯罪 剧情 奇幻 悬疑
186,无敌破坏王,8.7,https://img9.doubanio.com/view/photo/s_ratio_poster/public/p1735642656.webp,2012,美国,喜剧 动画 奇幻 冒险
187,你看起来好像很好吃,8.9,https://img2.doubanio.com/view/photo/s_ratio_poster/public/p709670262.webp,2010,日本,剧情 动画 儿童
188,冰川时代,8.6,https://img1.doubanio.com/view/photo/s_ratio_poster/public/p1910895719.webp,2002,美国,喜剧 动画 冒险
189,爱在午夜降临前,8.8,https://img1.doubanio.com/view/photo/s_ratio_poster/public/p2074715729.webp,2013,美国 希腊,剧情 爱情
190,九品芝麻官,8.6,https://img3.doubanio.com/view/photo/s_ratio_poster/public/p648370300.webp,1994,中国香港 中国大陆,剧情 喜剧 古装
191,雨人,8.7,https://img2.doubanio.com/view/photo/s_ratio_poster/public/p2353324612.webp,1988,美国,剧情
192,疯狂的石头,8.5,https://img2.doubanio.com/view/photo/s_ratio_poster/public/p712241453.webp,2006,中国大陆 中国香港,喜剧 犯罪
193,恋恋笔记本,8.5,https://img9.doubanio.com/view/photo/s_ratio_poster/public/p483604864.webp,2004,美国,剧情 爱情
194,恐怖游轮,8.5,https://img9.doubanio.com/view/photo/s_ratio_poster/public/p462470694.webp,2009,英国 澳大利亚,剧情 悬疑 惊悚
195,雨中曲,9.0,https://img9.doubanio.com/view/photo/s_ratio_poster/public/p1612355875.webp,1952,美国,喜剧 歌舞 爱情
196,魔女宅急便,8.7,https://img2.doubanio.com/view/photo/s_ratio_poster/public/p456676352.webp,1989,日本,动画 奇幻 冒险
197,奇迹男孩,8.6,https://img1.doubanio.com/view/photo/s_ratio_poster/public/p2507709428.webp,2017,美国 中国香港,剧情 儿童 家庭
198,色，戒,8.5,https://img9.doubanio.com/view/photo/s_ratio_poster/public/p453716305.webp,2007,中国台湾 中国大陆 美国 中国香港,剧情 爱情 情色
199,2001太空漫游,8.8,https://img9.doubanio.com/view/photo/s_ratio_poster/public/p2560717825.webp,1968,英国 美国,科幻 惊悚 冒险
200,海边的曼彻斯特,8.6,https://img9.doubanio.com/view/photo/s_ratio_poster/public/p2421855655.webp,2016,美国,剧情 家庭
201,虎口脱险,8.9,https://img2.doubanio.com/view/photo/s_ratio_poster/public/p2399597512.webp,1966,法国 英国,喜剧 战争
202,人工智能,8.7,https://img1.doubanio.com/view/photo/s_ratio_poster/public/p792257137.webp,2001,美国 英国,剧情 科幻
203,城市之光,9.3,https://img1.doubanio.com/view/photo/s_ratio_poster/public/p2170238828.webp,1931,美国,喜剧 剧情 爱情
204,可可西里,8.8,https://img9.doubanio.com/view/photo/s_ratio_poster/public/p2363208684.webp,2004,中国大陆 中国香港,剧情 犯罪
205,二十二,8.7,https://img1.doubanio.com/view/photo/s_ratio_poster/public/p2457609817.webp,2015,中国大陆,纪录片
206,房间,8.8,https://img9.doubanio.com/view/photo/s_ratio_poster/public/p2259715855.webp,2015,爱尔兰 加拿大 英国 美国,剧情 家庭
207,罗生门,8.8,https://img2.doubanio.com/view/photo/s_ratio_poster/public/p1598883511.webp,1950,日本,剧情 犯罪 悬疑
208,终结者2：审判日,8.7,https://img9.doubanio.com/view/photo/s_ratio_poster/public/p1910909085.webp,1991,美国 法国,动作 科幻
209,初恋这件小事,8.4,https://img2.doubanio.com/view/photo/s_ratio_poster/public/p1505312273.webp,2010,泰国,剧情 喜剧 爱情
210,大佛普拉斯,8.7,https://img2.doubanio.com/view/photo/s_ratio_poster/public/p2505928032.webp,2017,中国台湾,剧情 喜剧
211,遗愿清单,8.7,https://img1.doubanio.com/view/photo/s_ratio_poster/public/p1481879628.webp,2007,美国,冒险 喜剧 剧情
212,波西米亚狂想曲,8.7,https://img2.doubanio.com/view/photo/s_ratio_poster/public/p2549558913.webp,2018,英国 美国,剧情 传记 同性 音乐
213,牯岭街少年杀人事件,8.9,https://img9.doubanio.com/view/photo/s_ratio_poster/public/p848381236.webp,1991,中国台湾,剧情 犯罪
214,源代码,8.5,https://img9.doubanio.com/view/photo/s_ratio_poster/public/p988260245.webp,2011,美国 加拿大,科幻 悬疑 惊悚
215,魂断蓝桥,8.8,https://img1.doubanio.com/view/photo/s_ratio_poster/public/p2351134499.webp,1940,美国,剧情 爱情 战争
216,新龙门客栈,8.6,https://img1.doubanio.com/view/photo/s_ratio_poster/public/p1421018669.webp,1992,中国香港 中国大陆,动作 爱情 武侠 古装
217,青蛇,8.6,https://img2.doubanio.com/view/photo/s_ratio_poster/public/p2570901292.webp,1993,中国香港 中国大陆,剧情 爱情 奇幻 古装
218,疯狂的麦克斯4：狂暴之路,8.6,https://img2.doubanio.com/view/photo/s_ratio_poster/public/p2236181653.webp,2015,澳大利亚 南非,动作 科幻 冒险
219,无耻混蛋,8.6,https://img1.doubanio.com/view/photo/s_ratio_poster/public/p2575043939.webp,2009,德国 美国,剧情 犯罪
220,血钻,8.7,https://img2.doubanio.com/view/photo/s_ratio_poster/public/p1244017073.webp,2006,美国 德国 英国,剧情 惊悚 冒险
221,步履不停,8.8,https://img1.doubanio.com/view/photo/s_ratio_poster/public/p2375245718.webp,2008,日本,剧情 家庭
222,燃情岁月,8.8,https://img1.doubanio.com/view/photo/s_ratio_poster/public/p1023654037.webp,1994,美国,剧情 爱情 战争 西部
223,东京教父,9.0,https://img1.doubanio.com/view/photo/s_ratio_poster/public/p456703618.webp,2003,日本,剧情 喜剧 动画
224,海洋,9.1,https://img9.doubanio.com/view/photo/s_ratio_poster/public/p2559581324.webp,2009,法国 瑞士 西班牙 美国 阿联酋 摩纳哥,纪录片
225,无间道2,8.6,https://img3.doubanio.com/view/photo/s_ratio_poster/public/p958008320.webp,2003,中国香港,剧情 犯罪 惊悚
226,彗星来的那一夜,8.5,https://img9.doubanio.com/view/photo/s_ratio_poster/public/p2187896734.webp,2013,美国 英国,科幻 悬疑 惊悚
227,谍影重重2,8.7,https://img9.doubanio.com/view/photo/s_ratio_poster/public/p667644866.webp,2004,美国 德国,动作 悬疑 惊悚
228,穿越时空的少女,8.6,https://img9.doubanio.com/view/photo/s_ratio_poster/public/p2079334286.webp,2006,日本,剧情 爱情 科幻 动画
229,战争之王,8.7,https://img2.doubanio.com/view/photo/s_ratio_poster/public/p792282381.webp,2005,法国 德国 美国,剧情 犯罪
230,阿飞正传,8.5,https://img2.doubanio.com/view/photo/s_ratio_poster/public/p2525770523.webp,1990,中国香港,犯罪 剧情 爱情
231,地球上的星星,8.9,https://img9.doubanio.com/view/photo/s_ratio_poster/public/p1973489335.webp,2007,印度,剧情 儿童 家庭
232,完美陌生人,8.5,https://img9.doubanio.com/view/photo/s_ratio_poster/public/p2522331945.webp,2016,意大利,剧情 喜剧
233,谍影重重,8.6,https://img2.doubanio.com/view/photo/s_ratio_poster/public/p1597183981.webp,2002,美国 德国 捷克,动作 悬疑 惊悚
234,千钧一发,8.8,https://img9.doubanio.com/view/photo/s_ratio_poster/public/p2195672555.webp,1997,美国,剧情 科幻 惊悚
235,香水,8.5,https://img2.doubanio.com/view/photo/s_ratio_poster/public/p2571500223.webp,2006,德国 法国 西班牙 美国,剧情 犯罪 奇幻
236,东京物语,9.2,https://img9.doubanio.com/view/photo/s_ratio_poster/public/p1925331564.webp,1953,日本,剧情 家庭
237,黑客帝国2：重装上阵,8.6,https://img3.doubanio.com/view/photo/s_ratio_poster/public/p443461390.webp,2003,美国,动作 科幻
238,崖上的波妞,8.6,https://img1.doubanio.com/view/photo/s_ratio_poster/public/p2627847859.webp,2008,日本,动画 奇幻 冒险
239,我爱你,9.1,https://img1.doubanio.com/view/photo/s_ratio_poster/public/p1075591188.webp,2011,韩国,剧情 爱情
240,再次出发之纽约遇见你,8.6,https://img2.doubanio.com/view/photo/s_ratio_poster/public/p2250287733.webp,2013,美国,喜剧 爱情 音乐
241,朗读者,8.6,https://img1.doubanio.com/view/photo/s_ratio_poster/public/p1140984198.webp,2008,美国 德国,剧情 爱情
242,驴得水,8.3,https://img2.doubanio.com/view/photo/s_ratio_poster/public/p2393044761.webp,2016,中国大陆,剧情 喜剧
243,聚焦,8.8,https://img1.doubanio.com/view/photo/s_ratio_poster/public/p2263822658.webp,2015,美国,剧情 传记
244,浪潮,8.7,https://img2.doubanio.com/view/photo/s_ratio_poster/public/p1344888983.webp,2008,德国,剧情 惊悚
245,猜火车,8.5,https://img1.doubanio.com/view/photo/s_ratio_poster/public/p513567548.webp,1996,英国,剧情 犯罪
246,小萝莉的猴神大叔,8.4,https://img9.doubanio.com/view/photo/s_ratio_poster/public/p2510956726.webp,2015,印度,剧情 喜剧 动作
247,追随,8.9,https://img2.doubanio.com/view/photo/s_ratio_poster/public/p2561545031.webp,1998,英国,犯罪 悬疑 惊悚
248,黑鹰坠落,8.7,https://img3.doubanio.com/view/photo/s_ratio_poster/public/p1910900710.webp,2001,美国 英国,动作 历史 战争
249,茶馆,9.5,https://img9.doubanio.com/view/photo/s_ratio_poster/public/p2262122096.webp,1982,中国大陆,剧情 历史
